Workbook

Sheet 報價單
A1: 報價單
A3: 專案名稱 | C3: 桃園市可負擔住宅三維圖台系統建置案
A4: 提供對象 | C4: 台灣固網
A6: 項次 | B6: 項目 | C6: 單位 | D6: 數量 | E6: 單價（元） | F6: 總價（元） | G6: 備註
A7: 一 | B7: 2D／3D 圖台建置費用 | C7: 式 | D7: 1 | E7: =價格對照!C9 -> 2720000 | F7: =D7*E7 -> 2720000 | G7: 費用包含 1. 圖台入口與介面設計。 2. 二維圖台開發。 3. 三維圖台開發。 4. 三維圖資確認整備及住宅對應。 5. 自訂生活圈分析。 6. 住宅資訊及環景串接。 7. 生活設施圖層及查詢。 8. 網頁 UI/UX 設計。 9. 網站使用者及維護操作手冊。 10. 系統測試計劃書以及壓力測試。
A8: 二 | B8: 系統圖層管理平台建置費用 | C8: 式 | D8: 1 | E8: =價格對照!C10 -> 1700000 | F8: =D8*E8 -> 1700000 | G8: 費用包含 1. 社區、戶別及建物對應、上傳管理。 2. 圖層及生活設施管理。 3. 平台介接及更新管理。 4. 權限、紀錄及營運管理。
A9: 三 | B9: 系統資訊安全與租用雲端伺服器 | C9: 式 | D9: 1 | E9: =價格對照!C11 -> 1275000 | F9: =D9*E9 -> 1275000 | G9: 費用包含 1. 系統資訊安全。 2. 租用雲端伺服器費用。 3. 資安檢測報告。
A10: 四 | B10: 專案管理 | C10: 式 | D10: 1 | E10: =價格對照!C12 -> 765000 | F10: =D10*E10 -> 765000
A11: 五 | B11: 行政管理費及雜支 | C11: 式 | D11: 1 | E11: =價格對照!C13 -> 425000 | F11: =D11*E11 -> 425000
E12: 稅前合計 | F12: =SUM(F7:F11) -> 6885000
E13: ="營業稅（"&TEXT(價格對照!C5,"0%")&"）" -> 營業稅（5%） | F13: =ROUND(F12*價格對照!C5,0) -> 344250
E14: 總計（含稅金） | F14: =F12+F13 -> 7229250
A16: 說明
A17: ="1. 本報價已依原報價讓利 "&TEXT(價格對照!C4,"0%")&"（打 "&TEXT((1-價格對照!C4)*10,"0.0")&" 折）。" -> 1. 本報價已依原報價讓利 15%（打 8.5 折）。
A18: 2. 金額以新臺幣計，各項金額四捨五入至元。
A19: 3. 建置期程約 10 個月（暫定），依模型交付及資料介接條件再確認。

Sheet 價格對照
A1: 新價格對照（打 85 折，讓利 15% 給台灣固網）
A2: 藍字＝輸入（原報價取自 桃園市可負擔住宅三維圖台_報價單_1151008.pdf）；黑字＝公式；黃底＝可調整
A4: 讓利比例 | C4: 0.15 | D4: ="打 "&TEXT((1-C4)*10,"0.0")&" 折" -> 打 8.5 折
A5: 營業稅率 | C5: 0.05
A6: 建置期（月） | C6: 10
A8: 項次 | B8: 項目 | C8: 新價格（元） | D8: 占比 | E8: 原報價（元） | F8: 讓利金額（元）
A9: 一 | B9: 2D／3D 圖台建置費用 | C9: =ROUND(E9*(1-$C$4),0) -> 2720000 | D9: =IF($C$14=0,0,C9/$C$14) -> 0.39506173 | E9: 3200000 | F9: =E9-C9 -> 480000
A10: 二 | B10: 系統圖層管理平台建置費用 | C10: =ROUND(E10*(1-$C$4),0) -> 1700000 | D10: =IF($C$14=0,0,C10/$C$14) -> 0.24691358 | E10: 2000000 | F10: =E10-C10 -> 300000
A11: 三 | B11: 系統資訊安全與租用雲端伺服器 | C11: =ROUND(E11*(1-$C$4),0) -> 1275000 | D11: =IF($C$14=0,0,C11/$C$14) -> 0.18518519 | E11: 1500000 | F11: =E11-C11 -> 225000
A12: 四 | B12: 專案管理 | C12: =ROUND(E12*(1-$C$4),0) -> 765000 | D12: =IF($C$14=0,0,C12/$C$14) -> 0.11111111 | E12: 900000 | F12: =E12-C12 -> 135000
A13: 五 | B13: 行政管理費及雜支 | C13: =ROUND(E13*(1-$C$4),0) -> 425000 | D13: =IF($C$14=0,0,C13/$C$14) -> 0.061728395 | E13: 500000 | F13: =E13-C13 -> 75000
B14: 稅前合計 | C14: =SUM(C9:C13) -> 6885000 | D14: =SUM(D9:D13) -> 1 | E14: =SUM(E9:E13) -> 8100000 | F14: =SUM(F9:F13) -> 1215000
B15: 營業稅 | C15: =ROUND(C14*$C$5,0) -> 344250 | E15: =ROUND(E14*$C$5,0) -> 405000 | F15: =E15-C15 -> 60750
B16: 含稅總計 | C16: =C14+C15 -> 7229250 | E16: =E14+E15 -> 8505000 | F16: =E16-C16 -> 1275750
B17: 核對：原報價單所載總計 | E17: 8505000
B18: 核對差額（應為 0） | E18: =E16-E17 -> 0
A20: 彙總指標（新價格）
B21: 指標 | C21: 新價格（元） | D21: 占比 | E21: 原報價（元） | F21: 差額（元）
B22: 開發費用（一＋二） | C22: =C9+C10 -> 4420000 | D22: =IF($C$14=0,0,C22/$C$14) -> 0.64197531 | E22: =E9+E10 -> 5200000 | F22: =E22-C22 -> 780000
B23: 資安＋雲端（三） | C23: =C11 -> 1275000 | D23: =IF($C$14=0,0,C23/$C$14) -> 0.18518519 | E23: =E11 -> 1500000 | F23: =E23-C23 -> 225000
B24: 管理類費用（四＋五） | C24: =C12+C13 -> 1190000 | D24: =IF($C$14=0,0,C24/$C$14) -> 0.17283951 | E24: =E12+E13 -> 1400000 | F24: =E24-C24 -> 210000
B25: 每月平均（未稅） | C25: =IF($C$6=0,0,C14/$C$6) -> 688500 | E25: =IF($C$6=0,0,E14/$C$6) -> 810000 | F25: =E25-C25 -> 121500

Sheet PoC對照
A1: 報價內容 × PoC 完成狀況
A2: PoC＝目前已完成的概念驗證版本；新價格欄連結「價格對照」
A4: 報價項次 | B4: 報價內容 | C4: 新價格（元） | D4: PoC 狀態 | E4: 剩下的工作
A5: 一-1～3 | B5: 入口、2D、3D 圖台 | C5: =價格對照!C9 -> 2720000 | D5: 已做出 | E5: 正式版的介面設計與 RWD（手機、平板版面）
A6: 一-4 | B6: 三維圖資整備、住宅對應 | D6: 已用香港案的模型驗證流程 | E6: 實際接收建商的 BIM 模型並轉檔，數量未定
A7: 一-5 | B7: 自訂生活圈 | D7: 已完成 | E7: 改由後端以 PostGIS（空間資料庫）計算
A8: 一-6 | B8: 住宅資訊、環景串接 | D8: 已做連結 | E8: 串接正式交易平台和 720 環景平台的資料
A9: 一-7 | B9: 生活設施圖層 | D9: 已做（示範資料） | E9: 匯入真實設施資料
A10: （未列名） | B10: 條件篩選、社區比較 | D10: 已完成 | E10: 報價單沒有列名，建議補進第一項
A11: 一-8～10 | B11: UI/UX、手冊、測試計畫、壓力測試 | D11: 尚未開始 | E11: 全部
A12: 二 | B12: 後台管理 | C12: =價格對照!C10 -> 1700000 | D12: 介面已完成，資料暫存瀏覽器 | E12: 資料庫、API、帳號登入與權限
A13: 三 | B13: 資安、雲端 | C13: =價格對照!C11 -> 1275000 | D13: 尚未開始 | E13: 全部
A15: 第一項（一-1～一-10 及條件篩選）共用同一筆新價格。圖例：綠＝已完成；黃＝部分完成；灰＝尚未開始。

Sheet 補強建議
A1: 建議補強的地方（以新價格檢視）
A2: 相關金額欄連結「價格對照」
A4: # | B4: 主題 | C4: 相關項次 | D4: 相關新價格（元） | E4: 問題 | F4: 建議
A5: 1 | B5: 3D 模型數量沒有上限 | C5: 一-4 | D5: =價格對照!C9 -> 2720000 | E5: 「三維圖資確認整備」沒寫要處理幾個社區、幾棟建物；每棟 BIM 品質不同，轉檔工時差很多。打折後開發預算更緊。 | F5: 寫明本期包含 N 個社區，超出另以每棟單價計算；並寫明模型格式由建商依約定規格提供。
A6: 2 | B6: 條件篩選、社區比較沒有列名 | C6: 一 | D6: =價格對照!C9 -> 2720000 | E6: 提案簡報有「銷售狀態與條件篩選」和「比較社區與戶別資訊」，報價第一項 10 點裡沒有。 | F6: 補進第一項，避免驗收時對範圍認定不同。
A7: 3 | B7: 第三項三件事併成一筆，且已無餘裕 | C7: 三 | D7: =價格對照!C11 -> 1275000 | E7: 主機租期、主機規格、資安檢測種類都沒寫；新價格已低於粗估區間上限（見「合理性估算」）。 | F7: 拆成雲端（每年）和資安檢測兩筆；寫明租期、規格與檢測種類；確認資安檢測或主機是否由台灣固網負責。
A8: 4 | B8: 沒有保固和維運 | C8: 全案 | E8: 未寫保固期，也未寫上線後維運如何計價。 | F8: 至少寫明「驗收後保固 12 個月」，維運另議或另列。
A9: 5 | B9: 沒有教育訓練 | C9: 一／四 | E9: 提案時程有「測試、訓練與驗收」，報價只寫操作手冊。 | F9: 在第一項或第四項補上教育訓練場次。
A10: 6 | B10: 沒有無障礙要求 | C10: 一 | E10: 政府網站通常需取得無障礙標章（AA 等級），3D 圖台達標需額外工夫。 | F10: 在報價中明列無障礙檢測與調整，或寫明排除。
A11: 7 | B11: 外部資料依賴沒寫清楚 | C11: 一-6、二-3 | E11: 交易平台 API、720 平台連結規則、地政局 3D 建物圖層授權不在廠商控制範圍內；地政局圖層目前為非公開服務。 | F11: 寫明由機關協調提供，或列為前提條件。
A12: 8 | B12: 「雜支」名稱易被質疑 | C12: 五 | D12: =價格對照!C13 -> 425000 | E12: 這一項沒有任何說明。 | F12: 改成「行政管理費」並列出內容，或併入專案管理。
A13: 9 | B13: 缺少付款條件和有效期 | C13: 全案 | E13: 報價單未載明付款方式與報價有效期限。 | F13: 依提案三階段分期付款（需求確認、雙圖台整合、驗收），並寫明有效期。
A14: 10 | B14: 小錯字 | C14: 一、二 | E14: 原報價單第二項第 4 點多了冒號；第一項第 8～10 點編號格式不一致。 | F14: 新報價單（「報價單」工作表）已修正。

Sheet 合理性估算
A1: 金額合理性粗估（新價格）
A2: 人月行情與雲端／資安區間為估算假設（藍字、黃底，可調整）；綠字連結「價格對照」
A4: 人月行情－低（元／人月） | B4: 150000 | C4: 估算假設：台灣政府資訊案一般行情
A5: 人月行情－高（元／人月） | B5: 180000 | C5: 估算假設：台灣政府資訊案一般行情
A6: 建置期（月） | B6: =價格對照!C6 -> 10
A8: 項目 | B8: 新價格（元） | C8: 人月（高行情） | D8: 人月（低行情） | E8: 期間平均人力（低行情）
A9: 一 2D／3D 圖台 | B9: =價格對照!C9 -> 2720000 | C9: =IF($B$5=0,0,B9/$B$5) -> 15.111111 | D9: =IF($B$4=0,0,B9/$B$4) -> 18.133333 | E9: =IF($B$6=0,0,D9/$B$6) -> 1.8133333
A10: 二 圖層管理平台 | B10: =價格對照!C10 -> 1700000 | C10: =IF($B$5=0,0,B10/$B$5) -> 9.4444444 | D10: =IF($B$4=0,0,B10/$B$4) -> 11.333333 | E10: =IF($B$6=0,0,D10/$B$6) -> 1.1333333
A11: 開發合計 | B11: =SUM(B9:B10) -> 4420000 | C11: =SUM(C9:C10) -> 24.555556 | D11: =SUM(D9:D10) -> 29.466667 | E11: =SUM(E9:E10) -> 2.9466667
A13: 第三項（資安＋雲端）
A14: 雲端 10～12 個月＋一輪完整資安檢測－低 | B14: 700000 | C14: 估算假設
A15: 雲端 10～12 個月＋一輪完整資安檢測－高 | B15: 1300000 | C15: 估算假設
A16: 新價格第三項 | B16: =價格對照!C11 -> 1275000
A17: 與估算上限的差距（負數＝低於上限） | B17: =B16-B15 -> -25000
A18: 判讀 | B18: =IF(B16<B14,"低於估算下限，風險高",IF(B16<B15,"在估算區間內，無餘裕","高於估算上限，有餘裕")) -> 在估算區間內，無餘裕
A20: 最可能超支的地方：BIM 模型數量（補強建議 #1）與外部介接（補強建議 #7）。
